{"cameraMode":{"drawMode":0,"name":"Shaded","section":"Shading Mode"},"sceneLighting":true,"audioPlay":false,"sceneViewState":{"showFog":true,"showMaterialUpdate":false,"showSkybox":true,"showFlares":true,"showImageEffects":true,"showParticleSystems":true},"in2DMode":false,"pivot":{"x":14.452327728271485,"y":5.313541412353516,"z":-6.7952561378479},"rotation":{"x":0.6436971426010132,"y":-0.0034323674626648428,"z":0.0028921880293637516,"w":0.765296220779419},"size":8.16213321685791,"orthographic":false}